{"1": {"1": 0.99998000000000009, "2": 2.0000000000000002e-05}, "2": {"3": 0.00017000000000000001, "4": 0.99983}, "3": {"6": 0.075899999999999995, "7": 0.92409999999999992}, "4": {"9": 1.0}, "5": {"10": 0.19899999999999998, "11": 0.80099999999999993}, "6": {"12": 0.98894000000000004, "13": 0.01106}, "7": {"14": 0.99770999999999999, "15": 0.0022899999999999999}, "8": {"16": 0.99761999999999995, "17": 0.00037999999999999997, "18": 0.002}, "9": {"19": 1.0}, "10": {"20": 0.92942999999999998, "21": 0.0022300000000000002, "22": 0.068339999999999998}, "11": {"23": 1.0}, "12": {"24": 0.78989999999999994, "25": 0.10000000000000001, "26": 0.1101}, "13": {"27": 1.0}, "14": {"28": 0.92230000000000001, "29": 0.046829999999999997, "30": 0.030870000000000002}, "15": {"31": 1.0}, "16": {"32": 0.94930000000000003, "33": 0.0076, "34": 0.042900000000000001, "36": 0.00020000000000000001}, "17": {"35": 0.75780000000000003, "37": 0.2422}, "18": {"40": 0.00025000000000000001, "36": 0.84594999999999998, "38": 0.15381}, "19": {"40": 0.00147, "41": 0.067210000000000006, "39": 0.93132000000000004}, "20": {"40": 0.96940999999999999, "42": 0.0064700000000000001, "43": 0.0013500000000000001, "44": 0.02086, "46": 4.0000000000000003e-05, "48": 0.0018699999999999999}, "21": {"45": 1.0}, "22": {"48": 0.73719999999999997, "49": 0.054100000000000002, "50": 0.051799999999999999, "46": 0.082500000000000004, "47": 0.074400000000000008}, "23": {"50": 0.0025000000000000001, "51": 0.99750000000000005}, "24": {"50": 0.043449999999999996, "52": 0.83789000000000002, "53": 0.095009999999999997, "54": 0.023650000000000001}, "25": {"55": 1.0}, "26": {"56": 0.91754000000000002, "57": 0.021190000000000001, "58": 0.0028199999999999996, "54": 0.058449999999999995}, "27": {"59": 1.0}, "28": {"64": 0.0092600000000000009, "58": 0.68076999999999999, "60": 0.26222999999999996, "61": 0.011399999999999999, "62": 0.03635}, "29": {"65": 0.30829999999999996, "63": 0.69169999999999998}, "30": {"64": 0.48630000000000001, "66": 0.27899999999999997, "67": 0.040999999999999995, "68": 0.1875, "70": 0.0061999999999999998}, "31": {"69": 0.60107999999999995, "71": 0.39892000000000005}, "32": {"72": 0.27539999999999998, "73": 0.077300000000000008, "74": 0.36280000000000001, "76": 0.076100000000000001, "70": 0.2084}, "33": {"75": 1.0}, "34": {"74": 0.0088999999999999999, "76": 0.093699999999999992, "77": 0.076299999999999993, "78": 0.23769999999999999, "80": 0.49609999999999999, "82": 0.087300000000000003}, "35": {"81": 0.49310000000000004, "79": 0.50690000000000002}, "36": {"78": 0.00362, "80": 0.023259999999999999, "82": 0.11654999999999999, "83": 0.11545999999999999, "84": 0.56903000000000004, "86": 0.17207999999999998}, "37": {"85": 0.70843999999999996, "87": 0.29155999999999999}, "38": {"88": 0.82677999999999996, "84": 0.0055800000000000008, "86": 0.098680000000000004, "87": 0.068959999999999994}, "39": {"89": 1.0}, "40": {"96": 0.027999999999999997, "90": 0.51450000000000007, "91": 0.11220000000000001, "92": 0.17149999999999999, "94": 0.17379999999999998}, "41": {"93": 1.0}, "42": {"96": 0.16672000000000001, "97": 0.095990000000000006, "98": 0.24390999999999999, "100": 0.098239999999999994, "92": 0.14524999999999999, "94": 0.091509999999999994, "95": 0.15837999999999999}, "44": {"96": 0.055399999999999998, "98": 0.018700000000000001, "99": 0.12759999999999999, "100": 0.126, "101": 0.17059999999999997, "102": 0.3155, "104": 0.1862}, "45": {"103": 1.0}, "46": {"102": 0.010200000000000001, "104": 0.1114, "105": 0.22329999999999997, "106": 0.27329999999999999, "108": 0.2646, "110": 0.11720000000000001}, "47": {"107": 0.51839000000000002, "109": 0.48161000000000004}, "48": {"106": 0.012500000000000001, "108": 0.0088999999999999999, "110": 0.1249, "111": 0.128, "112": 0.24129999999999999, "113": 0.1222, "114": 0.2873, "116": 0.074900000000000008}, "49": {"113": 0.042900000000000001, "115": 0.95709999999999995}, "50": {"112": 0.0097000000000000003, "114": 0.0066, "115": 0.0034000000000000002, "116": 0.1454, "117": 0.076799999999999993, "118": 0.2422, "119": 0.085900000000000004, "120": 0.32579999999999998, "122": 0.046300000000000001, "124": 0.0579}, "51": {"121": 0.57210000000000005, "123": 0.4279}, "52": {"128": 0.31739999999999996, "130": 0.34079999999999999, "120": 0.00089999999999999998, "122": 0.025499999999999998, "123": 0.0088999999999999999, "124": 0.047400000000000005, "125": 0.070699999999999999, "126": 0.18840000000000001}}